{"cameraMode":{"drawMode":0,"name":"Shaded","section":"Shading Mode"},"sceneLighting":false,"audioPlay":false,"sceneViewState":{"m_AlwaysRefresh":false,"showFog":false,"showSkybox":false,"showFlares":false,"showImageEffects":false,"showParticleSystems":false,"showVisualEffectGraphs":true,"m_FxEnabled":true},"in2DMode":false,"pivot":{"x":-0.28838399052619936,"y":1.0088070631027222,"z":0.26851391792297366},"rotation":{"x":-0.007883459329605103,"y":0.9519400596618652,"z":-0.024572953581809999,"w":-0.30514076352119448},"size":1.2126274108886719,"orthographic":false}