{"cameraMode":{"drawMode":0,"name":"Shaded","section":"Shading Mode"},"sceneLighting":false,"audioPlay":false,"sceneViewState":{"m_AlwaysRefresh":false,"showFog":false,"showSkybox":false,"showFlares":false,"showImageEffects":false,"showParticleSystems":false,"showVisualEffectGraphs":true,"m_FxEnabled":true},"in2DMode":false,"pivot":{"x":0.0000034570693969726564,"y":1.8652204275131226,"z":0.0500505268573761},"rotation":{"x":-0.007883459329605103,"y":0.9519400596618652,"z":-0.024572953581809999,"w":-0.30514076352119448},"size":2.7497267723083498,"orthographic":false}